Player1,Player2,Round,Result,FNL1,FNL2,FSP.1,FSW.1,SSP.1,SSW.1,ACE.1,DBF.1,WNR.1,UFE.1,BPC.1,BPW.1,NPA.1,NPW.1,TPW.1,ST1.1,ST2.1,ST3.1,ST4.1,ST5.1,FSP.2,FSW.2,SSP.2,SSW.2,ACE.2,DBF.2,WNR.2,UFE.2,BPC.2,BPW.2,NPA.2,NPW.2,TPW.2,ST1.2,ST2.2,ST3.2,ST4.2,ST5.2
Serena Williams,Ashleigh Barty,1,1,2,0,59,20,41,8,6,2,31,17,5,10,10,11,58,6,6,NA,NA,NA,51,14,49,11,1,4,5,18,0,0,2,4,31,2,1,NA,NA,NA
Vesna Dolonc,Lara Arruabarrena,1,1,2,1,65,33,35,10,7,4,7,4,5,10,,,78,2,6,6,NA,NA,62,33,38,10,0,3,0,3,4,7,,,74,6,2,4,NA,NA
Pauline Parmentier,Karolina Pliskova,1,0,0,2,63,16,37,4,3,6,3,6,0,2,,,37,0,1,NA,NA,NA,60,26,40,7,5,0,5,0,5,14,,,64,6,6,NA,NA,NA
Heather Watson,Daniela Hantuchova,1,0,1,2,61,41,39,19,8,3,27,45,4,7,10,13,88,5,6,3,NA,NA,68,43,32,10,6,2,37,44,5,13,5,8,102,7,3,6,NA,NA
Samantha Stosur,Klara Zakopalova,1,1,2,0,65,28,35,11,6,1,19,18,7,10,7,10,74,6,6,NA,NA,NA,50,18,50,7,1,5,27,27,4,14,10,15,60,3,4,NA,NA,NA
Tsvetana Pironkova,Silvia Soler-Espinosa,1,1,2,0,62,28,38,12,5,0,30,21,3,5,4,7,68,6,6,NA,NA,NA,50,18,50,14,3,2,11,23,0,3,6,6,44,3,2,NA,NA,NA
Annika Beck,Petra Martic,1,1,2,0,67,18,33,8,0,0,8,10,6,11,3,3,52,6,6,NA,NA,NA,50,8,50,4,2,6,7,34,0,2,3,7,25,0,0,NA,NA,NA
Kiki Bertens,Ana Ivanovic,1,0,0,2,61,15,39,11,2,4,23,35,6,11,10,16,61,4,4,NA,NA,NA,60,24,40,9,3,4,14,22,8,9,4,6,73,6,6,NA,NA,NA
Roberta Vinci,Jie Zheng,1,0,0,2,66,23,34,7,3,3,20,28,3,10,7,12,56,4,3,NA,NA,NA,68,26,32,10,0,2,26,25,5,7,1,2,67,6,6,NA,NA,NA
Patricia Mayr-Achleitner,Madison Keys,1,0,1,2,71,48,29,14,0,1,0,1,5,12,,,113,2,7,7,NA,NA,52,45,48,30,11,4,11,4,8,10,,,135,6,6,9,NA,NA
Casey Dellacqua,Vera Zvonareva,1,1,2,0,66,22,34,13,0,0,10,19,4,10,1,2,67,6,6,NA,NA,NA,65,22,35,9,2,4,14,43,0,1,5,8,40,2,2,NA,NA,NA
Laura Robson,Kirsten Flipkens,1,0,0,2,57,14,43,5,2,5,12,32,0,0,6,10,27,3,0,NA,NA,NA,57,18,43,11,7,2,14,4,5,6,2,4,54,6,6,NA,NA,NA
Eugenie Bouchard,Hao Chen Tang,1,1,2,0,64,30,36,16,1,4,1,4,5,11,,,82,7,6,NA,NA,NA,57,21,43,12,1,6,1,6,2,7,,,64,5,1,NA,NA,NA
Alison Van Uytvanck,Virginie Razzano,1,0,0,2,54,32,46,15,5,4,22,40,2,7,4,6,78,6,6,NA,NA,NA,58,39,42,18,7,9,21,41,2,3,8,11,82,7,7,NA,NA,NA
Sachia Vickery,Lauren Davis,1,0,0,2,51,14,49,12,,3,8,36,3,5,5,11,47,3,3,NA,NA,NA,61,23,39,7,,0,15,23,6,7,7,12,63,6,6,NA,NA,NA
Julia Goerges,Sara Errani,1,1,2,0,50,20,50,15,4,2,39,36,5,9,7,10,65,6,6,NA,NA,NA,77,21,23,5,1,0,6,11,2,5,4,4,49,3,2,NA,NA,NA
Na Li,Ana Konjuh,1,1,2,0,76,24,24,7,3,0,20,18,5,12,13,19,61,6,6,NA,NA,NA,50,13,50,9,0,5,7,25,0,1,3,6,36,2,0,NA,NA,NA
Belinda Bencic,Kimiko Date-Krumm,1,1,2,1,53,25,47,15,5,5,27,44,10,20,7,14,94,6,4,6,NA,NA,71,31,29,10,1,4,29,47,8,13,9,17,87,4,6,3,NA,NA
Donna Vekic,Lucie Hradecka,1,0,0,2,47,17,53,9,1,2,1,2,0,5,,,37,3,1,NA,NA,NA,54,23,46,12,9,4,9,4,4,7,,,58,6,6,NA,NA,NA
Julia Glushko,Lucie Safarova,1,0,1,2,61,35,39,20,6,3,6,3,2,7,,,82,5,6,1,NA,NA,59,37,41,21,3,4,3,4,4,8,,,92,7,3,6,NA,NA
Ekaterina Makarova,Venus Williams,1,1,2,1,63,43,37,17,1,4,21,26,5,12,6,10,97,2,6,6,NA,NA,55,36,45,18,5,8,50,56,5,14,20,24,103,6,4,4,NA,NA
Anabel Medina Garrigues,Irina Falconi,1,0,0,2,86,18,14,3,0,1,0,1,2,4,,,41,3,1,NA,NA,NA,53,18,47,13,3,3,3,3,6,7,,,60,6,6,NA,NA,NA
Shahar Peer,Monica Niculescu,1,0,0,2,80,21,20,2,2,1,23,38,3,7,9,23,49,4,1,NA,NA,NA,82,26,18,3,1,0,10,13,7,10,10,14,61,6,6,NA,NA,NA
Mirjana Lucic-Baroni,Sabine Lisicki,1,0,0,2,43,17,57,8,2,10,11,26,0,7,0,3,51,2,1,NA,NA,NA,52,32,48,15,7,6,28,24,4,8,10,14,75,6,6,NA,NA,NA
Angelique Kerber,Jarmila Gajdosova,1,1,2,1,65,36,35,13,6,5,30,17,4,7,9,12,81,6,0,6,NA,NA,53,29,47,12,2,6,41,31,4,11,22,33,80,3,6,2,NA,NA
Caroline Garcia,Alla Kudryavtseva,1,0,0,2,58,22,42,15,3,7,3,7,4,6,,,77,2,6,NA,NA,NA,58,37,42,14,3,4,3,4,6,10,,,93,6,7,NA,NA,NA
Dinah Pfizenmaier,Yanina Wickmayer,1,0,0,2,48,24,52,23,3,12,3,12,2,15,,,87,6,3,NA,NA,NA,58,38,42,15,6,8,6,8,4,7,,,95,7,6,NA,NA,NA
Alison Riske,Elena Vesnina,1,1,2,0,64,24,36,8,4,3,15,16,4,8,5,5,57,6,6,NA,NA,NA,62,17,38,10,2,4,9,31,0,0,1,1,34,2,2,NA,NA,NA
Flavia Pennetta,Alexandra Cadantu,1,1,2,0,40,16,60,14,2,3,28,21,6,17,9,11,66,6,6,NA,NA,NA,58,14,42,9,1,8,13,36,1,3,5,8,41,0,2,NA,NA,NA
Monica Puig,Anna Tatishvili,1,1,2,0,61,30,39,13,8,5,25,27,4,5,6,6,68,6,6,NA,NA,NA,68,20,32,5,0,4,10,23,1,8,6,7,48,2,4,NA,NA,NA
Shuai Zhang,Mona Barthel,1,0,0,2,75,31,25,8,2,1,17,21,2,6,8,10,68,6,3,NA,NA,NA,69,41,31,10,2,3,33,30,3,6,8,9,77,7,6,NA,NA,NA
Luksika Kumkhum,Petra Kvitova,1,1,2,1,48,26,52,20,4,6,28,27,5,16,7,8,92,6,1,6,NA,NA,60,36,40,15,3,8,32,40,4,12,12,16,80,2,6,4,NA,NA
Jelena Jankovic,Misaki Doi,1,1,2,0,60,23,40,11,6,6,20,19,5,8,2,4,59,6,6,NA,NA,NA,52,12,48,5,1,3,10,26,1,8,0,2,36,1,2,NA,NA,NA
Nadiya Kichenok,Ayumi Morita,1,0,0,2,63,27,37,11,4,7,24,43,2,8,11,14,68,2,6,NA,NA,NA,62,30,38,16,6,2,20,24,4,5,1,3,75,6,7,NA,NA,NA
Kurumi Nara,Shuai Peng,1,1,2,1,74,39,26,10,1,6,23,37,8,16,2,4,103,7,4,6,NA,NA,63,40,37,16,3,5,36,54,6,10,4,6,96,5,6,3,NA,NA
Andrea Petkovic,Magdalena Rybarikova,1,0,0,2,68,23,32,6,1,4,15,31,1,3,7,11,48,2,3,NA,NA,NA,67,27,33,8,4,1,18,16,5,8,9,16,66,6,6,NA,NA,NA
Sorana Cirstea,Marina Erakovic,1,0,0,2,57,25,43,13,5,1,20,32,3,14,6,7,78,4,6,NA,NA,NA,59,35,41,17,6,5,28,45,4,6,5,8,83,6,7,NA,NA,NA
Zarina Diyas,Katerina Siniakova,1,1,2,0,74,33,26,6,1,4,1,4,5,6,,,72,6,6,NA,NA,NA,57,22,43,10,2,3,2,3,2,6,,,58,2,4,NA,NA,NA
Lesia Tsurenko,Varvara Lepchenko,1,0,1,2,63,35,37,20,1,3,9,34,3,9,0,1,92,6,3,4,NA,NA,64,42,36,15,3,5,32,52,3,9,11,13,93,2,6,6,NA,NA
Katarzyna Piter,Simona Halep,1,0,0,2,77,12,23,1,1,3,5,25,0,2,5,8,24,0,1,NA,NA,NA,61,21,39,9,3,2,13,14,5,9,1,2,52,6,6,NA,NA,NA
Carla Suarez Navarro,Vania King,1,1,2,0,79,31,21,4,0,1,17,19,4,5,6,9,61,6,6,NA,NA,NA,69,20,31,5,1,2,12,28,1,2,5,14,42,3,2,NA,NA,NA
Galina Voskoboeva,Irina-Camelia Begu,1,1,2,1,64,41,36,18,3,3,3,3,6,11,,,109,7,4,7,NA,NA,62,44,38,15,2,7,2,7,5,9,,,94,5,6,5,NA,NA
Kristina Mladenovic,Stefanie Voegele,1,0,0,2,48,29,52,19,3,8,23,41,1,1,14,22,61,5,5,NA,NA,NA,66,32,34,13,7,1,19,20,3,12,5,7,76,7,7,NA,NA,NA
Francesca Schiavone,Dominika Cibulkova,1,0,0,2,60,21,40,11,5,2,14,27,1,6,5,11,57,3,4,NA,NA,NA,61,33,39,14,0,6,21,30,3,7,6,7,72,6,6,NA,NA,NA
Alize Cornet,Polona Hercog,1,0,,,75,3,25,1,1,,2,0,,,1,1,5,,,,,,0 ,0,100,1,0,,1,1,,,0,0,1,,,,,
Camila Giorgi,Storm Sanders,1,1,2,1,51,38,49,23,5,13,27,47,4,12,3,7,97,4,6,6,NA,NA,63,35,37,12,2,3,13,34,2,7,4,4,81,6,1,4,NA,NA
Paula Ormaechea,Karin Knapp,1,0,0,2,57,26,43,7,2,7,2,7,2,3,,,56,4,2,NA,NA,NA,61,26,39,8,4,3,4,3,5,10,,,69,6,6,NA,NA,NA
Bethanie Mattek-Sands,Maria Sharapova,1,0,0,2,57,27,43,10,4,8,18,30,2,6,7,9,65,3,4,NA,NA,NA,53,31,47,13,5,9,29,28,4,8,3,7,77,6,6,NA,NA,NA
Agnieszka Radwanska,Yulia Putintseva,1,1,2,1,59,36,41,15,9,1,38,31,7,11,22,35,96,6,5,6,NA,NA,52,29,48,16,0,6,27,33,3,8,11,17,76,0,7,2,NA,NA
Olga Govortsova,Ying-Ying Duan,1,1,2,0,68,35,32,8,10,4,10,4,4,12,,,78,6,7,NA,NA,NA,60,24,40,16,1,1,1,1,1,5,,,62,0,6,NA,NA,NA
Carina Witthoeft,Mandy Minella,1,0,0,2,62,16,38,10,1,4,1,4,2,6,,,47,1,4,NA,NA,NA,56,17,44,16,0,2,0,2,5,8,,,62,6,6,NA,NA,NA
Teliana Pereira,Anastasia Pavlyuchenkova,1,0,0,2,68,43,32,14,3,7,3,7,2,4,,,84,6,4,NA,NA,NA,62,32,38,15,3,5,3,5,3,12,,,93,7,6,NA,NA,NA
Kaia Kanepi,Garbine Muguruza,1,0,1,2,64,27,36,12,6,3,22,39,3,9,3,4,69,2,6,2,NA,NA,51,28,49,20,5,4,26,31,5,12,1,3,85,6,2,6,NA,NA
Timea Babos,Anna Schmiedlova,1,0,1,2,60,46,40,17,8,11,8,11,5,24,,,120,6,4,5,NA,NA,66,54,34,23,5,5,5,5,6,14,,,126,4,6,7,NA,NA
Christina McHale,Yung-Jan Chan,1,1,2,0,71,31,29,11,4,3,4,3,5,9,,,77,7,6,NA,NA,NA,68,28,32,10,0,6,0,6,3,3,,,66,5,4,NA,NA,NA
Lourdes Dominguez Lino,Caroline Wozniacki,1,0,0,2,58,10,42,8,,2,9,30,1,2,5,7,31,0,2,NA,NA,NA,61,17,39,11,,2,15,16,6,12,11,18,58,6,6,NA,NA,NA
Sloane Stephens,Yaroslava Shvedova,1,1,2,0,75,31,25,7,1,1,22,27,6,12,1,3,82,7,6,NA,NA,NA,58,22,42,10,3,13,14,43,4,6,3,6,61,6,3,NA,NA,NA
Tadeja Majeric,Ajla Tomljanovic,1,0,1,2,72,54,28,10,4,7,4,7,3,6,,,99,6,6,4,NA,NA,49,36,51,25,5,6,5,6,3,6,,,97,3,7,6,NA,NA
Olivia Rogowska,Mariana Duque-Marino,1,1,2,0,63,25,37,10,2,6,21,31,6,13,4,5,66,6,6,NA,NA,NA,67,18,33,5,4,4,10,32,3,8,2,6,47,3,3,NA,NA,NA
Elina Svitolina,Svetlana Kuznetsova,1,1,2,0,61,26,39,8,5,5,27,21,5,12,12,18,65,6,6,NA,NA,NA,48,20,52,11,1,4,17,24,2,4,4,5,53,3,3,NA,NA,NA
Bojana Jovanovski,Jana Cepelova,1,1,2,1,76,43,24,11,0,1,0,1,9,13,,,100,6,6,6,NA,NA,69,28,31,7,2,5,2,5,5,12,,,81,7,1,3,NA,NA
Chanelle Scheepers,Yvonne Meusburger,1,0,0,2,53,27,47,12,2,13,2,13,4,7,,,71,6,4,NA,NA,NA,68,32,32,12,1,5,1,5,5,11,,,80,7,6,NA,NA,NA
Su-Wei Hsieh,Barbora Zahlavova Strycova,1,0,1,2,58,33,42,15,1,5,14,39,1,4,11,16,75,1,6,1,NA,NA,68,39,32,13,5,2,31,36,5,17,22,28,95,6,4,6,NA,NA
Johanna Larsson,Victoria Azarenka,1,0,0,2,72,24,28,5,2,5,13,29,3,10,4,5,59,6,2,NA,NA,NA,75,41,25,4,0,7,27,32,5,5,15,17,80,7,6,NA,NA,NA
Serena Williams,Vesna Dolonc,2,1,2,0,66,28,34,8,10,2,24,19,4,7,3,4,61,6,6,NA,NA,NA,54,17,46,6,2,8,9,20,0,1,3,3,37,1,2,NA,NA,NA
Karolina Pliskova,Daniela Hantuchova,2,0,1,2,55,50,45,28,11,6,57,60,3,14,15,17,123,3,6,1,NA,NA,59,53,41,28,9,8,43,35,4,9,10,14,129,6,3,1,NA,NA
Samantha Stosur,Tsvetana Pironkova,2,1,2,0,59,20,41,10,4,3,23,15,5,13,13,17,58,6,6,NA,NA,NA,57,15,43,4,1,2,5,19,0,1,5,6,30,2,0,NA,NA,NA
Annika Beck,Ana Ivanovic,2,0,0,2,75,13,25,3,0,3,10,29,2,3,5,8,35,1,2,NA,NA,NA,54,16,46,13,2,2,16,17,6,7,0,1,57,6,6,NA,NA,NA
Jie Zheng,Madison Keys,2,1,2,1,76,40,24,14,0,4,19,48,7,10,10,15,102,7,1,7,NA,NA,63,39,37,18,3,1,30,43,8,16,6,11,109,6,6,5,NA,NA
Casey Dellacqua,Kirsten Flipkens,2,1,2,0,73,22,27,6,1,0,15,15,6,19,7,10,61,6,6,NA,NA,NA,48,15,52,10,0,7,17,29,1,1,10,13,38,3,0,NA,NA,NA
Eugenie Bouchard,Virginie Razzano,2,1,2,0,50,26,50,17,4,2,25,25,5,10,3,7,84,6,7,NA,NA,NA,75,32,25,6,2,1,27,42,3,9,13,17,71,2,6,NA,NA,NA
Lauren Davis,Julia Goerges,2,1,2,1,69,51,31,15,0,6,14,20,3,7,5,7,94,7,2,6,NA,NA,71,45,29,11,6,1,42,47,3,13,12,15,98,5,6,4,NA,NA
Na Li,Belinda Bencic,2,1,2,0,60,27,40,12,4,2,30,31,5,7,2,5,67,6,7,NA,NA,NA,54,21,46,8,2,5,12,19,2,2,3,4,53,0,6,NA,NA,NA
Lucie Hradecka,Lucie Safarova,2,0,1,2,44,33,56,26,9,9,9,9,0,6,,,90,7,3,0,NA,NA,62,47,38,20,6,7,6,7,4,13,,,113,6,6,6,NA,NA
Ekaterina Makarova,Irina Falconi,2,1,2,0,56,26,44,14,4,6,18,28,5,13,9,14,74,6,7,NA,NA,NA,74,22,26,10,0,2,18,40,2,4,3,7,55,2,5,NA,NA,NA
Monica Niculescu,Sabine Lisicki,2,1,2,1,66,35,34,9,0,6,8,18,7,14,12,16,87,2,6,6,NA,NA,53,23,47,14,10,6,43,56,5,6,19,34,76,6,2,2,NA,NA
Angelique Kerber,Alla Kudryavtseva,2,1,2,0,59,24,41,11,3,1,22,10,4,13,3,4,65,6,6,NA,NA,NA,63,25,37,8,4,2,23,24,1,2,11,17,47,4,2,NA,NA,NA
Yanina Wickmayer,Alison Riske,2,0,0,2,63,13,37,6,3,3,14,30,0,2,3,7,36,1,1,NA,NA,NA,78,27,22,6,4,2,15,8,5,10,2,3,60,6,6,NA,NA,NA
Flavia Pennetta,Monica Puig,2,1,2,0,45,22,55,18,9,0,21,14,2,6,4,4,67,6,6,NA,NA,NA,45,21,55,16,5,6,19,38,0,0,11,16,50,3,4,NA,NA,NA
Mona Barthel,Luksika Kumkhum,2,1,2,1,63,44,37,18,3,6,25,33,4,5,11,20,92,4,6,6,NA,NA,58,38,42,13,4,8,37,39,3,7,7,8,94,6,3,4,NA,NA
Jelena Jankovic,Ayumi Morita,2,1,2,0,59,19,41,7,9,4,25,14,6,6,0,1,53,6,6,NA,NA,NA,57,8,43,5,1,3,7,18,1,1,1,2,26,2,0,NA,NA,NA
Kurumi Nara,Magdalena Rybarikova,2,1,2,0,66,26,34,15,0,2,8,26,4,4,5,10,59,6,6,NA,NA,NA,52,16,48,8,4,1,13,38,2,5,7,11,51,4,3,NA,NA,NA
Marina Erakovic,Zarina Diyas,2,0,0,2,50,15,50,8,2,5,15,27,1,10,3,4,46,4,0,NA,NA,NA,70,27,30,10,1,1,27,15,5,5,2,2,66,6,6,NA,NA,NA
Varvara Lepchenko,Simona Halep,2,0,1,2,63,34,37,10,1,4,23,47,2,2,9,10,66,6,0,1,NA,NA,58,29,42,16,0,3,10,19,6,15,1,2,90,4,6,6,NA,NA
Carla Suarez Navarro,Galina Voskoboeva,2,1,2,1,73,57,27,17,0,5,19,30,6,10,14,19,126,7,3,8,NA,NA,55,40,45,23,3,13,50,67,7,17,25,39,121,6,6,6,NA,NA
Stefanie Voegele,Dominika Cibulkova,2,0,0,2,42,11,58,1,3,1,12,22,1,5,2,3,30,0,1,NA,NA,NA,68,21,32,8,0,2,17,13,6,9,4,5,55,6,6,NA,NA,NA
Alize Cornet,Camila Giorgi,2,1,2,1,59,39,41,17,1,9,5,29,6,13,2,6,103,6,4,6,NA,NA,56,31,44,20,0,12,28,73,5,12,19,33,92,3,6,4,NA,NA
Karin Knapp,Maria Sharapova,2,1,2,1,53,40,47,23,3,9,20,55,6,9,6,7,112,3,6,8,NA,NA,60,44,40,23,2,12,34,67,7,20,6,6,124,6,4,1,NA,NA
Agnieszka Radwanska,Olga Govortsova,2,1,2,0,66,28,34,8,1,1,18,13,5,8,11,14,63,6,7,NA,NA,NA,70,20,30,6,0,1,18,26,1,2,13,18,43,0,5,NA,NA,NA
Mandy Minella,Anastasia Pavlyuchenkova,2,0,0,2,55,21,45,11,2,3,2,3,0,0,,,42,2,2,NA,NA,NA,67,24,33,8,5,1,5,1,4,9,,,65,6,6,NA,NA,NA
Garbine Muguruza,Anna Schmiedlova,2,1,2,0,56,23,44,11,6,6,24,33,6,8,4,9,66,6,6,NA,NA,NA,59,15,41,7,1,5,6,20,3,7,0,2,45,3,3,NA,NA,NA
Christina McHale,Caroline Wozniacki,2,0,1,2,53,22,47,12,3,3,17,37,3,6,2,2,61,0,6,2,NA,NA,74,30,26,8,2,3,15,29,5,12,11,15,70,6,1,6,NA,NA
Sloane Stephens,Ajla Tomljanovic,2,1,2,1,71,39,29,14,3,3,25,36,5,10,10,13,92,3,6,7,NA,NA,54,35,46,22,3,6,25,44,3,6,8,16,87,6,2,5,NA,NA
Olivia Rogowska,Elina Svitolina,2,0,0,2,61,26,39,14,5,2,22,36,3,5,8,10,65,4,5,NA,NA,NA,53,26,47,15,7,3,19,24,5,8,8,11,76,6,7,NA,NA,NA
Bojana Jovanovski,Yvonne Meusburger,2,0,1,2,69,30,31,14,,1,32,50,6,9,7,9,85,6,3,2,NA,NA,67,38,33,5,,5,18,34,8,15,9,12,92,3,6,6,NA,NA
Barbora Zahlavova Strycova,Victoria Azarenka,2,0,0,2,55,13,45,9,1,2,17,30,2,8,17,27,50,1,4,NA,NA,NA,85,34,15,6,0,1,15,18,5,11,10,19,65,6,6,NA,NA,NA
Serena Williams,Daniela Hantuchova,3,1,2,0,48,20,52,15,10,2,25,21,4,7,4,12,60,6,6,NA,NA,NA,54,15,46,12,2,2,10,19,1,6,1,3,48,3,3,NA,NA,NA
Samantha Stosur,Ana Ivanovic,3,0,1,2,68,42,32,22,3,2,21,30,1,4,11,16,93,7,4,2,NA,NA,58,47,42,23,6,3,46,40,4,9,16,23,107,6,6,6,NA,NA
Jie Zheng,Casey Dellacqua,3,0,0,2,64,18,36,11,0,5,15,28,2,3,2,4,45,2,4,NA,NA,NA,58,20,42,14,1,3,14,16,5,10,3,4,64,6,6,NA,NA,NA
Eugenie Bouchard,Lauren Davis,3,1,2,0,61,23,39,10,4,2,18,23,5,8,3,5,67,6,6,NA,NA,NA,77,24,23,3,0,1,7,31,1,3,3,4,43,2,2,NA,NA,NA
Na Li,Lucie Safarova,3,1,2,1,60,43,40,18,5,6,17,50,4,10,8,9,99,1,7,6,NA,NA,59,33,41,17,2,7,21,43,6,16,5,6,99,6,6,3,NA,NA
Ekaterina Makarova,Monica Niculescu,3,1,2,0,56,17,44,13,2,1,17,35,6,9,9,10,65,6,6,NA,NA,NA,70,23,30,8,1,3,9,34,4,4,4,11,56,4,4,NA,NA,NA
Angelique Kerber,Alison Riske,3,1,2,0,63,21,37,6,4,4,21,16,7,13,6,9,64,6,6,NA,NA,NA,62,16,38,8,0,6,18,29,4,5,8,23,48,3,4,NA,NA,NA
Flavia Pennetta,Mona Barthel,3,1,2,0,44,17,56,15,3,4,14,10,6,15,3,5,70,6,7,NA,NA,NA,60,22,40,13,4,6,22,45,2,4,6,10,55,1,5,NA,NA,NA
Jelena Jankovic,Kurumi Nara,3,1,2,0,62,23,38,13,1,3,12,33,7,9,5,10,72,6,7,NA,NA,NA,86,25,14,5,0,2,19,43,5,7,13,18,63,4,5,NA,NA,NA
Zarina Diyas,Simona Halep,3,0,0,2,61,16,39,7,0,3,9,32,2,4,7,9,42,1,4,NA,NA,NA,52,18,48,13,1,3,18,20,6,6,3,6,62,6,6,NA,NA,NA
Carla Suarez Navarro,Dominika Cibulkova,3,0,0,2,65,12,35,4,0,0,2,23,0,1,0,3,26,1,0,NA,NA,NA,69,21,31,8,1,1,20,20,5,9,7,9,56,6,6,NA,NA,NA
Alize Cornet,Maria Sharapova,3,0,0,2,65,24,35,9,,5,11,23,4,6,7,12,60,1,6,NA,NA,NA,50,23,50,16,,8,35,35,6,14,12,13,81,6,7,NA,NA,NA
Agnieszka Radwanska,Anastasia Pavlyuchenkova,3,1,2,1,65,36,35,16,5,2,25,19,6,9,13,20,96,5,6,6,NA,NA,59,29,41,17,0,7,39,49,3,5,12,21,78,7,2,2,NA,NA
Garbine Muguruza,Caroline Wozniacki,3,1,2,1,64,37,36,16,5,7,33,56,7,10,12,17,96,4,7,6,NA,NA,67,39,33,12,2,6,17,37,5,16,9,13,93,6,5,3,NA,NA
Sloane Stephens,Elina Svitolina,3,1,2,0,69,31,31,10,1,0,24,32,4,9,10,13,68,7,6,NA,NA,NA,57,23,43,15,0,4,12,27,2,3,9,17,61,5,4,NA,NA,NA
Yvonne Meusburger,Victoria Azarenka,3,0,0,2,70,8,30,4,,5,5,18,1,2,3,3,25,1,0,NA,NA,NA,74,20,26,5,,2,20,13,7,14,14,17,56,6,6,NA,NA,NA
Serena Williams,Ana Ivanovic,4,0,1,2,66,43,34,13,13,4,22,31,2,3,10,15,79,6,3,3,NA,NA,53,31,47,21,1,2,33,27,4,14,10,13,91,4,6,6,NA,NA
Casey Dellacqua,Eugenie Bouchard,4,0,1,2,61,33,39,14,0,3,11,47,1,2,5,9,68,7,2,0,NA,NA,65,37,35,16,6,1,29,28,6,11,10,12,94,6,6,6,NA,NA
Na Li,Ekaterina Makarova,4,1,2,0,80,26,20,4,1,1,18,14,5,7,8,14,55,6,6,NA,NA,NA,64,14,36,3,0,1,4,11,0,4,3,4,31,2,0,NA,NA,NA
Angelique Kerber,Flavia Pennetta,4,0,1,2,64,35,36,10,1,4,25,35,5,6,5,13,77,1,6,5,NA,NA,60,33,40,12,8,2,43,37,8,18,17,27,98,6,4,7,NA,NA
Jelena Jankovic,Simona Halep,4,0,1,2,67,32,33,11,2,2,23,43,4,8,20,30,69,4,6,0,NA,NA,64,26,36,14,0,4,22,28,6,13,4,4,81,6,2,6,NA,NA
Dominika Cibulkova,Maria Sharapova,4,1,2,1,69,27,31,13,1,5,16,28,7,14,2,2,87,3,6,6,NA,NA,66,31,34,12,3,8,27,45,5,10,8,10,77,6,4,1,NA,NA
Agnieszka Radwanska,Garbine Muguruza,4,1,2,0,73,34,27,11,2,1,9,15,4,9,4,7,76,6,6,NA,NA,NA,56,18,44,10,3,3,23,44,0,6,6,14,49,1,3,NA,NA,NA
Sloane Stephens,Victoria Azarenka,4,0,0,2,72,24,28,9,0,0,20,32,0,2,6,8,55,3,2,NA,NA,NA,69,32,31,10,3,7,20,20,3,14,13,17,74,6,6,NA,NA,NA
Ana Ivanovic,Eugenie Bouchard,5,0,1,2,56,34,44,23,1,4,34,35,5,12,12,18,104,7,5,2,NA,NA,58,42,42,20,2,6,47,37,7,13,19,24,113,5,7,6,NA,NA
Na Li,Flavia Pennetta,5,1,2,0,64,23,36,10,1,1,23,17,5,8,7,10,62,6,6,NA,NA,NA,39,12,61,13,3,5,14,27,1,4,2,2,37,2,2,NA,NA,NA
Simona Halep,Dominika Cibulkova,5,0,0,2,67,13,33,6,2,1,9,25,1,3,1,4,32,3,0,NA,NA,NA,77,25,23,5,0,3,17,16,5,9,3,4,54,6,6,NA,NA,NA
Agnieszka Radwanska,Victoria Azarenka,5,1,2,1,59,33,41,16,1,1,23,15,6,16,19,24,94,6,5,6,NA,NA,60,26,40,19,0,5,33,47,2,5,20,34,74,1,7,0,NA,NA
Eugenie Bouchard,Na Li,6,0,0,2,45,13,55,5,2,2,10,14,3,7,4,5,49,2,4,NA,NA,NA,61,27,39,11,4,5,35,23,6,10,11,14,71,6,6,NA,NA,NA
Dominika Cibulkova,Agnieszka Radwanska,6,1,2,0,64,22,36,10,0,2,21,20,6,9,12,14,63,6,6,NA,NA,NA,68,17,32,2,2,2,12,24,1,9,4,9,40,1,2,NA,NA,NA
Na Li,Dominika Cibulkova,7,1,2,0,60,21,40,15,2,3,34,30,5,10,8,13,75,7,6,NA,NA,NA,67,29,33,5,0,7,11,28,2,3,3,4,58,6,0,NA,NA,NA
